{
	"id": "3b110a89677bff5a72ed4bbd9d2d5d30",
	"_format": "hh-sol-build-info-1",
	"solcVersion": "0.8.18",
	"solcLongVersion": "0.8.18+commit.87f61d96",
	"input": {
		"language": "Solidity",
		"sources": {
			"token_project.sol": {
				"content": "// SPDX-Licence-Identifier: MIT\r\npragma solidity 0.8.18;\r\n\r\n"
			}
		},
		"settings": {
			"optimizer": {
				"enabled": false,
				"runs": 200
			},
			"outputSelection": {
				"*": {
					"": [
						"ast"
					],
					"*": [
						"abi",
						"metadata",
						"devdoc",
						"userdoc",
						"storageLayout",
						"evm.legacyAssembly",
						"evm.bytecode",
						"evm.deployedBytecode",
						"evm.methodIdentifiers",
						"evm.gasEstimates",
						"evm.assembly"
					]
				}
			}
		}
	},
	"output": {
		"errors": [
			{
				"component": "general",
				"errorCode": "1878",
				"formattedMessage": "Warning: SPDX license identifier not provided in source file. Before publishing, consider adding a comment containing \"SPDX-License-Identifier: <SPDX-License>\" to each source file. Use \"SPDX-License-Identifier: UNLICENSED\" for non-open-source code. Please see https://spdx.org for more information.\n--> token_project.sol\n\n",
				"message": "SPDX license identifier not provided in source file. Before publishing, consider adding a comment containing \"SPDX-License-Identifier: <SPDX-License>\" to each source file. Use \"SPDX-License-Identifier: UNLICENSED\" for non-open-source code. Please see https://spdx.org for more information.",
				"severity": "warning",
				"sourceLocation": {
					"end": -1,
					"file": "token_project.sol",
					"start": -1
				},
				"type": "Warning"
			}
		],
		"sources": {
			"token_project.sol": {
				"ast": {
					"absolutePath": "token_project.sol",
					"exportedSymbols": {},
					"id": 2,
					"nodeType": "SourceUnit",
					"nodes": [
						{
							"id": 1,
							"literals": [
								"solidity",
								"0.8",
								".18"
							],
							"nodeType": "PragmaDirective",
							"src": "33:23:0"
						}
					],
					"src": "33:27:0"
				},
				"id": 0
			}
		}
	}
}